{
  "action_scaler": {
    "type": "min_max",
    "params": {
      "minimum": [
        [
          -5.563169002532959,
          -5.728347301483154,
          -5.608916759490967,
          -5.4075212478637695,
          -5.868600845336914,
          -5.600305080413818,
          -5.3074445724487305,
          -3.7085893154144287
        ]
      ],
      "maximum": [
        [
          5.783754348754883,
          5.966660022735596,
          5.352112293243408,
          6.28162956237793,
          5.574897289276123,
          5.394046306610107,
          5.525700569152832,
          4.02529764175415
        ]
      ]
    }
  },
  "actor_encoder_factory": {
    "type": "default",
    "params": {
      "activation": "relu",
      "use_batch_norm": false,
      "dropout_rate": null
    }
  },
  "actor_learning_rate": 0.0003,
  "actor_optim_factory": {
    "optim_cls": "Adam",
    "betas": [
      0.9,
      0.999
    ],
    "eps": 1e-08,
    "weight_decay": 0,
    "amsgrad": false
  },
  "batch_size": 256,
  "critic_encoder_factory": {
    "type": "default",
    "params": {
      "activation": "relu",
      "use_batch_norm": false,
      "dropout_rate": null
    }
  },
  "critic_learning_rate": 0.0003,
  "critic_optim_factory": {
    "optim_cls": "Adam",
    "betas": [
      0.9,
      0.999
    ],
    "eps": 1e-08,
    "weight_decay": 0,
    "amsgrad": false
  },
  "gamma": 0.99,
  "generated_maxlen": 100000,
  "initial_temperature": 1.0,
  "n_critics": 2,
  "n_frames": 1,
  "n_steps": 1,
  "q_func_factory": {
    "type": "mean",
    "params": {
      "share_encoder": false
    }
  },
  "real_ratio": 1.0,
  "reward_scaler": null,
  "scaler": {
    "type": "standard",
    "params": {
      "mean": [
        [
          0.12353611448514888,
          0.012037750920236921,
          0.883361451887992,
          0.509709844789149,
          0.1499586647611962,
          0.09431180352002551,
          0.7365027728680862,
          0.014401351291708598,
          0.011759008173518371,
          0.07361929998449002,
          -0.755812801469281,
          -0.1365879834688242,
          -0.16186297848704553,
          0.4967884294752586,
          0.10000000149011612,
          -0.009999999776482582,
          0.9399999976158142,
          0.0,
          0.0,
          0.0,
          1.0,
          -0.025414491714614497,
          0.005811846607185057,
          -0.03914186595736329,
          0.24388752867651917,
          0.12860884322060934,
          0.05565501756219741,
          0.11100698301777533,
          0.10000000149011612,
          0.18000000715255737,
          0.8199999928474426,
          0.0,
          0.0,
          0.0,
          1.0,
          -0.012945859346584375,
          -0.15175402910517571,
          0.10637396165309208,
          0.24388752867651917,
          0.12860884322060934,
          0.05565501756219741,
          0.11100698301777533,
          -0.023536114466325024,
          0.16796224908181276,
          -0.0633614473292297,
          -0.9935734125224276,
          -0.43106231989263144,
          0.9458292362166382,
          -0.19938695416413946,
          0.9914665316386244,
          -0.9190895811325016,
          -0.9597952666252837,
          -0.0032825581480639037,
          -0.8791757552085846,
          -0.22770130311695427,
          0.9494640165376568,
          0.0503567511544515,
          -0.34487785567751356,
          -0.2555313226438261,
          -0.001276521197600344,
          0.03130630065908633,
          -0.023251249756741747,
          0.03458181167136459,
          0.007748870262957907,
          -0.0027574500421232015,
          0.006414474993086044,
          0.09601717286640302,
          0.017192321269071005,
          0.9461628644099052,
          0.9533535208332353,
          0.16572248841182993,
          0.16472112449196602,
          -0.07772955835954315,
          -0.0050008254813096635,
          0.004953714296465543,
          -0.001024556365378853,
          0.0010501117788111183
        ]
      ],
      "std": [
        [
          0.04332687480923113,
          0.19981309075675696,
          0.0466405798462531,
          0.3249265150515441,
          0.1417545090081619,
          0.08415703522291637,
          0.18336639456577097,
          0.03893176819249919,
          0.05674259427864074,
          0.06256331696295553,
          0.21638317456046507,
          0.07453832946549675,
          0.06518560491793496,
          0.2836645218501913,
          0.0,
          0.0,
          0.0,
          0.0,
          0.0,
          0.0,
          0.0,
          0.0845813520681663,
          0.13068374578099395,
          0.06997504392714676,
          0.922021116146108,
          0.15083037482124742,
          0.17538213309438844,
          0.07019240864175606,
          0.0,
          0.0,
          0.0,
          0.0,
          0.0,
          0.0,
          0.0,
          0.08774391566953739,
          0.1655281245001522,
          0.058100502454007476,
          0.922021116146108,
          0.15083037482124742,
          0.17538213309438844,
          0.07019240864175606,
          0.04332687480759894,
          0.19981309077562653,
          0.04664058414939312,
          0.008000892420625636,
          0.17074423803088384,
          0.05967946972451352,
          0.2384251268788557,
          0.015331885230332258,
          0.06324913992259618,
          0.031221232414172396,
          0.11285869273449169,
          0.1099166630647849,
          0.22360128211767555,
          0.04377650816489461,
          0.11926125767854143,
          0.17981421755496388,
          0.11190185048567429,
          0.07145257677525188,
          0.06982907830022274,
          0.0685138637047831,
          0.06476740826580049,
          0.07524514535817958,
          0.083571217008648,
          0.07669014689880255,
          0.06401302158806255,
          0.15325291333135066,
          0.0544345820424896,
          0.026853853493811284,
          0.10874784337493577,
          0.08199588254230121,
          0.10586614398950542,
          0.009890116098681756,
          0.009895641395306961,
          0.011191784830326528,
          0.011748610509680579
        ]
      ],
      "eps": 0.001
    }
  },
  "tau": 0.005,
  "temp_learning_rate": 0.0003,
  "temp_optim_factory": {
    "optim_cls": "Adam",
    "betas": [
      0.9,
      0.999
    ],
    "eps": 1e-08,
    "weight_decay": 0,
    "amsgrad": false
  },
  "use_gpu": null,
  "algorithm": "SAC",
  "observation_shape": [
    77
  ],
  "action_size": 8
}